Sequence,Step,Type,Live,Active,Paused,Finished,Delivered,Replied,Bounced,Spam,CallsCompleted,TopOutcome
Jack Main Sequence,0,,yes,170,1,646,892,33,10,6,,
Jack Main Sequence,1,call,,1,,31,,,,,1020,No Answer (923)
Jack Main Sequence,2,auto_email,,22,,27,,,8,6,,
Jack Main Sequence,3,call,,3,,55,,,,,loading,
Jack Main Sequence,4,auto_email,,13,,26,,,0,0,,
Jack Main Sequence,5,call,,5,,416,,,,,681,No Answer (638)
Jack Main Sequence,6,linkedin_connect,,126,,91,,,,,,
Carly Main Sequence,0,,yes,84,,298,266,8,2,,,
Carly Main Sequence,1,call,,0,,85,,,,,400,No Answer (309)
Carly Main Sequence,2,email,,18,,8,,,,,,
Carly Main Sequence,3,call,,32,,43,,,,,loading,
Carly Main Sequence,4,call,,15,,23,,,,,loading,
Carly Main Sequence,5,call,,15,,19,,,,,143,
Carly Main Sequence,6,linkedin_message,,4,,120,,,,,,
CSP Leads,0,,yes,44,,11,264,2,5,,,
CSP Leads,1,call,,9,,5,,,,,351,No Answer (318)
CSP Leads,2,email,,23,,0,,,,,,
CSP Leads,3,call,,3,,2,,,,,11,
CSP Leads,4,email,,6,,0,,,,,,
CSP Leads,5,call,,1,,0,,,,,loading,
CSP Leads,6,email,,2,,4,,,,,,
Wired CIO Licensing Campaign,0,,yes,371,,,50,1,0,,,
Carly Main Sequence Recycled,0,,yes,7,,,1,0,0,,,
Jack Main Backup Sequence,0,,yes,0,,,0,0,0,,,
AI Outreach,0,,no,,16,1487,1499,5,177,173,,
AI Outreach,1,email,,,,13,,,,,,
AI Outreach,2,email,,,,13,,,,,,
AI Outreach,3,email,,,,5,,,,,,
AI Outreach,4,linkedin,,,,1461,,,,,,
Signal-based targeting: Job postings,0,,no,,1308,419,1539,8,66,36,,
Signal-based targeting: Job postings,1,email,,,271,111,,,,,,
Signal-based targeting: Job postings,2,email,,,574,74,,,,,,
Signal-based targeting: Job postings,3,email,,,363,13,,,,,,
Signal-based targeting: Job postings,4,linkedin,,,100,221,,,,,,
Email only campaign - Wired,0,,no,,,,719,3,37,29,,
Azure Client list,0,,no,,,,100,0,8,,,
David - Actively Hiring Architects,0,,no,,,,42,0,0,,,
Dynamics handraiser list,0,,no,,,,27,0,0,,,
Wired CIO Main Campaign (8 steps),0,,no,,,,0,,,,,
Wired CIO Main Campaign (11 steps),0,,no,,,,0,,,,,
Church IT Leaders - Megachurch Outbound,0,,no,,,,0,,,,,
Copy - New Wired CIO Start,0,,no,,,,0,,,,,
